wojewodztwo,powiat,liczba_nowych_zakazen,liczba_ponownych_zakazen,liczba_wszystkich_zakazen,liczba_nowych_zakazen_na_10_tys_mieszkancow,liczba_ponownych_zakazen_na_10_tys_mieszkancow,liczba_wszystkich_zakazen_na_10_tys_mieszkancow,zgony,zgony_w_wyniku_covid_bez_chorob_wspolistniejacych,zgony_w_wyniku_covid_i_chorob_wspolistniejacych,liczba_zlecen_poz,liczba_ozdrowiencow,liczba_osob_objetych_kwarantanna,liczba_wykonanych_testow,liczba_testow_z_wynikiem_pozytywnym,liczba_testow_z_wynikiem_negatywnym,liczba_pozostalych_testow,teryt,stan_rekordu_na
Cały kraj,Cały kraj,209,19,228,0.05,0.0,0.06,3,1,2,449,17,0,4518,260,4243,15,t0000,2022-06-15
dolnośląskie,bolesławiecki,0,0,0,0.0,0.0,0.0,0,0,0,2,0,0,6,0,6,0,t0201,2022-06-15
dolnośląskie,dzierżoniowski,1,0,1,0.1,0.0,0.1,0,0,0,0,0,0,4,1,3,0,t0202,2022-06-15
dolnośląskie,głogowski,0,0,0,0.0,0.0,0.0,0,0,0,0,0,0,1,0,1,0,t0203,2022-06-15
dolnośląskie,górowski,0,0,0,0.0,0.0,0.0,0,0,0,0,0,0,4,0,4,0,t0204,2022-06-15
dolnośląskie,jaworski,0,0,0,0.0,0.0,0.0,0,0,0,0,0,0,1,0,1,0,t0205,2022-06-15
dolnośląskie,jeleniogórski,0,0,0,0.0,0.0,0.0,0,0,0,1,0,0,5,0,5,0,t0206,2022-06-15
dolnośląskie,kamiennogórski,0,0,0,0.0,0.0,0.0,0,0,0,0,0,0,0,0,0,0,t0207,2022-06-15
dolnośląskie,kłodzki,2,0,2,0.13,0.0,0.13,0,0,0,1,0,0,8,2,6,0,t0208,2022-06-15
dolnośląskie,legnicki,0,0,0,0.0,0.0,0.0,0,0,0,0,0,0,1,0,1,0,t0209,2022-06-15
dolnośląskie,lubański,0,0,0,0.0,0.0,0.0,0,0,0,0,0,0,0,0,0,0,t0210,2022-06-15
dolnośląskie,lubiński,2,0,2,0.19,0.0,0.19,0,0,0,2,0,0,6,2,4,0,t0211,2022-06-15
dolnośląskie,lwówecki,0,0,0,0.0,0.0,0.0,0,0,0,1,0,0,1,0,1,0,t0212,2022-06-15
dolnośląskie,milicki,0,0,0,0.0,0.0,0.0,0,0,0,0,0,0,2,0,2,0,t0213,2022-06-15
dolnośląskie,oleśnicki,0,0,0,0.0,0.0,0.0,0,0,0,0,0,0,2,0,2,0,t0214,2022-06-15
dolnośląskie,oławski,0,0,0,0.0,0.0,0.0,0,0,0,0,0,0,6,0,6,0,t0215,2022-06-15
dolnośląskie,polkowicki,0,0,0,0.0,0.0,0.0,0,0,0,0,0,0,0,0,0,0,t0216,2022-06-15
dolnośląskie,strzeliński,0,0,0,0.0,0.0,0.0,0,0,0,0,0,0,2,0,2,0,t0217,2022-06-15
dolnośląskie,średzki,0,0,0,0.0,0.0,0.0,0,0,0,1,0,0,1,0,1,0,t0218,2022-06-15
dolnośląskie,świdnicki,1,0,1,0.06,0.0,0.06,0,0,0,2,0,0,8,1,7,0,t0219,2022-06-15
dolnośląskie,trzebnicki,0,0,0,0.0,0.0,0.0,0,0,0,0,0,0,8,0,8,0,t0220,2022-06-15
dolnośląskie,wałbrzyski,1,1,2,0.18,0.18,0.36,0,0,0,5,0,0,7,2,5,0,t0221,2022-06-15
dolnośląskie,wołowski,0,0,0,0.0,0.0,0.0,0,0,0,0,0,0,5,0,5,0,t0222,2022-06-15
dolnośląskie,wrocławski,1,0,1,0.06,0.0,0.06,0,0,0,3,0,0,10,1,9,0,t0223,2022-06-15
dolnośląskie,ząbkowicki,0,0,0,0.0,0.0,0.0,0,0,0,1,0,0,3,0,3,0,t0224,2022-06-15
dolnośląskie,zgorzelecki,0,0,0,0.0,0.0,0.0,0,0,0,0,0,0,1,0,1,0,t0225,2022-06-15
dolnośląskie,złotoryjski,0,0,0,0.0,0.0,0.0,0,0,0,0,0,0,1,0,1,0,t0226,2022-06-15
dolnośląskie,Jelenia Góra,2,0,2,0.25,0.0,0.25,0,0,0,1,0,0,5,2,3,0,t0261,2022-06-15
dolnośląskie,Legnica,0,0,0,0.0,0.0,0.0,0,0,0,0,0,0,4,0,4,0,t0262,2022-06-15
dolnośląskie,Wrocław,6,1,7,0.09,0.02,0.11,0,0,0,16,0,0,81,7,74,0,t0264,2022-06-15
dolnośląskie,Wałbrzych,1,0,1,0.09,0.0,0.09,0,0,0,4,0,0,12,1,11,0,t0265,2022-06-15
kujawsko-pomorskie,aleksandrowski,0,0,0,0.0,0.0,0.0,0,0,0,0,0,0,0,0,0,0,t0401,2022-06-15
kujawsko-pomorskie,brodnicki,0,0,0,0.0,0.0,0.0,0,0,0,0,0,0,1,0,1,0,t0402,2022-06-15
kujawsko-pomorskie,bydgoski,1,0,1,0.08,0.0,0.08,0,0,0,3,1,0,14,1,13,0,t0403,2022-06-15
kujawsko-pomorskie,chełmiński,0,0,0,0.0,0.0,0.0,0,0,0,1,0,0,1,0,1,0,t0404,2022-06-15
kujawsko-pomorskie,golubsko-dobrzyński,0,0,0,0.0,0.0,0.0,0,0,0,9,0,0,10,0,10,0,t0405,2022-06-15
kujawsko-pomorskie,grudziądzki,0,0,0,0.0,0.0,0.0,0,0,0,0,0,0,0,0,0,0,t0406,2022-06-15
kujawsko-pomorskie,inowrocławski,0,1,1,0.0,0.06,0.06,0,0,0,3,0,0,8,1,7,0,t0407,2022-06-15
kujawsko-pomorskie,lipnowski,0,0,0,0.0,0.0,0.0,0,0,0,0,0,0,4,0,4,0,t0408,2022-06-15
kujawsko-pomorskie,mogileński,0,0,0,0.0,0.0,0.0,0,0,0,0,0,0,2,0,2,0,t0409,2022-06-15
kujawsko-pomorskie,nakielski,1,0,1,0.12,0.0,0.12,0,0,0,1,0,0,2,1,1,0,t0410,2022-06-15
kujawsko-pomorskie,radziejowski,0,0,0,0.0,0.0,0.0,0,0,0,0,0,0,4,0,4,0,t0411,2022-06-15
kujawsko-pomorskie,rypiński,1,0,1,0.23,0.0,0.23,0,0,0,0,0,0,2,1,1,0,t0412,2022-06-15
kujawsko-pomorskie,sępoleński,0,0,0,0.0,0.0,0.0,0,0,0,0,0,0,2,0,2,0,t0413,2022-06-15
kujawsko-pomorskie,świecki,0,0,0,0.0,0.0,0.0,0,0,0,1,0,0,4,0,4,0,t0414,2022-06-15
kujawsko-pomorskie,toruński,0,0,0,0.0,0.0,0.0,0,0,0,0,0,0,8,0,8,0,t0415,2022-06-15
kujawsko-pomorskie,tucholski,0,0,0,0.0,0.0,0.0,0,0,0,0,0,0,0,0,0,0,t0416,2022-06-15
kujawsko-pomorskie,wąbrzeski,0,0,0,0.0,0.0,0.0,0,0,0,0,0,0,1,0,1,0,t0417,2022-06-15
kujawsko-pomorskie,włocławski,0,0,0,0.0,0.0,0.0,0,0,0,0,0,0,2,0,2,0,t0418,2022-06-15
kujawsko-pomorskie,żniński,0,0,0,0.0,0.0,0.0,0,0,0,0,0,0,2,0,2,0,t0419,2022-06-15
kujawsko-pomorskie,Bydgoszcz,6,0,6,0.17,0.0,0.17,0,0,0,7,1,0,31,8,23,0,t0461,2022-06-15
kujawsko-pomorskie,Grudziądz,0,0,0,0.0,0.0,0.0,0,0,0,0,0,0,0,0,0,0,t0462,2022-06-15
kujawsko-pomorskie,Toruń,2,0,2,0.1,0.0,0.1,0,0,0,7,0,0,21,2,19,0,t0463,2022-06-15
kujawsko-pomorskie,Włocławek,0,1,1,0.0,0.09,0.09,0,0,0,0,0,0,1,1,0,0,t0464,2022-06-15
lubelskie,bialski,0,0,0,0.0,0.0,0.0,0,0,0,0,0,0,3,0,3,0,t0601,2022-06-15
lubelskie,biłgorajski,0,0,0,0.0,0.0,0.0,0,0,0,0,0,0,3,0,3,0,t0602,2022-06-15
lubelskie,chełmski,0,0,0,0.0,0.0,0.0,0,0,0,1,0,0,8,0,8,0,t0603,2022-06-15
lubelskie,hrubieszowski,0,0,0,0.0,0.0,0.0,0,0,0,0,0,0,1,0,1,0,t0604,2022-06-15
lubelskie,janowski,0,0,0,0.0,0.0,0.0,0,0,0,1,0,0,7,0,7,0,t0605,2022-06-15
lubelskie,krasnostawski,0,0,0,0.0,0.0,0.0,0,0,0,0,0,0,3,0,3,0,t0606,2022-06-15
lubelskie,kraśnicki,0,0,0,0.0,0.0,0.0,0,0,0,0,0,0,8,0,8,0,t0607,2022-06-15
lubelskie,lubartowski,1,0,1,0.11,0.0,0.11,0,0,0,1,0,0,15,1,13,1,t0608,2022-06-15
lubelskie,lubelski,1,0,1,0.06,0.0,0.06,0,0,0,2,0,0,34,1,33,0,t0609,2022-06-15
lubelskie,łęczyński,0,0,0,0.0,0.0,0.0,0,0,0,1,0,0,10,0,10,0,t0610,2022-06-15
lubelskie,łukowski,0,0,0,0.0,0.0,0.0,0,0,0,6,0,0,13,0,13,0,t0611,2022-06-15
lubelskie,opolski,0,0,0,0.0,0.0,0.0,0,0,0,0,0,0,6,1,5,0,t0612,2022-06-15
lubelskie,parczewski,0,0,0,0.0,0.0,0.0,0,0,0,0,0,0,4,0,4,0,t0613,2022-06-15
lubelskie,puławski,3,0,3,0.27,0.0,0.27,0,0,0,6,0,0,23,3,20,0,t0614,2022-06-15
lubelskie,radzyński,0,0,0,0.0,0.0,0.0,0,0,0,0,0,0,4,0,4,0,t0615,2022-06-15
lubelskie,rycki,0,0,0,0.0,0.0,0.0,0,0,0,2,0,0,10,0,10,0,t0616,2022-06-15
lubelskie,świdnicki,1,0,1,0.14,0.0,0.14,0,0,0,4,0,0,13,1,12,0,t0617,2022-06-15
lubelskie,tomaszowski,0,0,0,0.0,0.0,0.0,0,0,0,0,0,0,5,0,5,0,t0618,2022-06-15
lubelskie,włodawski,0,0,0,0.0,0.0,0.0,0,0,0,0,0,0,3,0,3,0,t0619,2022-06-15
lubelskie,zamojski,2,0,2,0.19,0.0,0.19,0,0,0,6,0,0,9,2,7,0,t0620,2022-06-15
lubelskie,Biała Podlaska,0,0,0,0.0,0.0,0.0,0,0,0,1,0,0,4,0,4,0,t0661,2022-06-15
lubelskie,Chełm,0,0,0,0.0,0.0,0.0,0,0,0,0,0,0,12,0,12,0,t0662,2022-06-15
lubelskie,Lublin,4,0,4,0.12,0.0,0.12,0,0,0,6,2,0,104,4,100,0,t0663,2022-06-15
lubelskie,Zamość,0,0,0,0.0,0.0,0.0,0,0,0,0,0,0,4,0,4,0,t0664,2022-06-15
lubuskie,gorzowski,0,0,0,0.0,0.0,0.0,0,0,0,0,0,0,3,0,3,0,t0801,2022-06-15
lubuskie,krośnieński,0,0,0,0.0,0.0,0.0,0,0,0,0,0,0,3,0,3,0,t0802,2022-06-15
lubuskie,międzyrzecki,0,0,0,0.0,0.0,0.0,0,0,0,0,0,0,3,0,3,0,t0803,2022-06-15
lubuskie,nowosolski,0,0,0,0.0,0.0,0.0,0,0,0,2,0,0,6,0,6,0,t0804,2022-06-15
lubuskie,słubicki,0,0,0,0.0,0.0,0.0,0,0,0,0,0,0,1,0,1,0,t0805,2022-06-15
lubuskie,strzelecko-drezdenecki,0,0,0,0.0,0.0,0.0,0,0,0,0,0,0,1,0,1,0,t0806,2022-06-15
lubuskie,sulęciński,0,0,0,0.0,0.0,0.0,0,0,0,0,0,0,3,0,3,0,t0807,2022-06-15
lubuskie,świebodziński,0,0,0,0.0,0.0,0.0,0,0,0,0,0,0,1,0,1,0,t0808,2022-06-15
lubuskie,zielonogórski,1,0,1,0.13,0.0,0.13,0,0,0,3,0,0,10,1,9,0,t0809,2022-06-15
lubuskie,żagański,0,0,0,0.0,0.0,0.0,0,0,0,0,0,0,3,0,3,0,t0810,2022-06-15
lubuskie,żarski,0,0,0,0.0,0.0,0.0,0,0,0,1,0,0,9,0,9,0,t0811,2022-06-15
lubuskie,wschowski,0,0,0,0.0,0.0,0.0,0,0,0,0,0,0,1,0,1,0,t0812,2022-06-15
lubuskie,Gorzów Wielkopolski,0,0,0,0.0,0.0,0.0,0,0,0,1,0,0,10,0,10,0,t0861,2022-06-15
lubuskie,Zielona Góra,2,0,2,0.14,0.0,0.14,0,0,0,1,0,0,26,2,24,0,t0862,2022-06-15
łódzkie,bełchatowski,0,0,0,0.0,0.0,0.0,0,0,0,0,0,0,7,0,7,0,t1001,2022-06-15
łódzkie,kutnowski,0,0,0,0.0,0.0,0.0,0,0,0,0,0,0,6,0,6,0,t1002,2022-06-15
łódzkie,łaski,0,0,0,0.0,0.0,0.0,0,0,0,3,0,0,8,0,8,0,t1003,2022-06-15
łódzkie,łęczycki,0,0,0,0.0,0.0,0.0,0,0,0,0,0,0,1,0,1,0,t1004,2022-06-15
łódzkie,łowicki,0,0,0,0.0,0.0,0.0,0,0,0,2,0,0,4,0,4,0,t1005,2022-06-15
łódzkie,łódzki wschodni,0,0,0,0.0,0.0,0.0,0,0,0,2,0,0,4,0,4,0,t1006,2022-06-15
łódzkie,opoczyński,0,0,0,0.0,0.0,0.0,0,0,0,1,0,0,5,0,5,0,t1007,2022-06-15
łódzkie,pabianicki,0,0,0,0.0,0.0,0.0,0,0,0,2,0,0,6,0,6,0,t1008,2022-06-15
łódzkie,pajęczański,0,0,0,0.0,0.0,0.0,0,0,0,0,0,0,1,0,1,0,t1009,2022-06-15
łódzkie,piotrkowski,0,0,0,0.0,0.0,0.0,0,0,0,0,0,0,4,0,4,0,t1010,2022-06-15
łódzkie,poddębicki,0,0,0,0.0,0.0,0.0,0,0,0,0,0,0,1,0,1,0,t1011,2022-06-15
łódzkie,radomszczański,0,0,0,0.0,0.0,0.0,0,0,0,0,0,0,11,0,11,0,t1012,2022-06-15
łódzkie,rawski,0,0,0,0.0,0.0,0.0,0,0,0,0,0,0,1,1,0,0,t1013,2022-06-15
łódzkie,sieradzki,0,0,0,0.0,0.0,0.0,0,0,0,1,0,0,7,0,7,0,t1014,2022-06-15
łódzkie,skierniewicki,0,0,0,0.0,0.0,0.0,0,0,0,0,0,0,3,0,3,0,t1015,2022-06-15
łódzkie,tomaszowski,0,0,0,0.0,0.0,0.0,0,0,0,0,0,0,17,0,17,0,t1016,2022-06-15
łódzkie,wieluński,0,0,0,0.0,0.0,0.0,0,0,0,0,1,0,5,0,5,0,t1017,2022-06-15
łódzkie,wieruszowski,0,0,0,0.0,0.0,0.0,0,0,0,0,0,0,0,0,0,0,t1018,2022-06-15
łódzkie,zduńskowolski,0,0,0,0.0,0.0,0.0,0,0,0,2,0,0,4,0,4,0,t1019,2022-06-15
łódzkie,zgierski,1,0,1,0.06,0.0,0.06,0,0,0,4,0,0,23,1,22,0,t1020,2022-06-15
łódzkie,brzeziński,0,0,0,0.0,0.0,0.0,0,0,0,0,0,0,1,0,1,0,t1021,2022-06-15
łódzkie,Łódź,6,1,7,0.09,0.01,0.1,0,0,0,26,0,0,116,7,109,0,t1061,2022-06-15
łódzkie,Piotrków Trybunalski,0,0,0,0.0,0.0,0.0,0,0,0,1,0,0,2,0,2,0,t1062,2022-06-15
łódzkie,Skierniewice,0,0,0,0.0,0.0,0.0,0,0,0,0,0,0,3,0,3,0,t1063,2022-06-15
małopolskie,bocheński,0,1,1,0.0,0.09,0.09,0,0,0,2,0,0,5,1,4,0,t1201,2022-06-15
małopolskie,brzeski,0,0,0,0.0,0.0,0.0,0,0,0,2,0,0,9,0,9,0,t1202,2022-06-15
małopolskie,chrzanowski,0,0,0,0.0,0.0,0.0,0,0,0,0,0,0,3,0,3,0,t1203,2022-06-15
małopolskie,dąbrowski,0,0,0,0.0,0.0,0.0,0,0,0,0,0,0,2,0,2,0,t1204,2022-06-15
małopolskie,gorlicki,1,0,1,0.09,0.0,0.09,0,0,0,3,0,0,18,1,17,0,t1205,2022-06-15
małopolskie,krakowski,3,0,3,0.11,0.0,0.11,0,0,0,2,0,0,33,3,29,1,t1206,2022-06-15
małopolskie,limanowski,0,0,0,0.0,0.0,0.0,0,0,0,0,0,0,15,0,15,0,t1207,2022-06-15
małopolskie,miechowski,0,0,0,0.0,0.0,0.0,0,0,0,1,0,0,4,1,3,0,t1208,2022-06-15
małopolskie,myślenicki,0,0,0,0.0,0.0,0.0,0,0,0,1,0,0,3,0,3,0,t1209,2022-06-15
małopolskie,nowosądecki,0,0,0,0.0,0.0,0.0,0,0,0,0,0,0,4,0,4,0,t1210,2022-06-15
małopolskie,nowotarski,0,0,0,0.0,0.0,0.0,0,0,0,0,0,0,13,0,13,0,t1211,2022-06-15
małopolskie,olkuski,1,0,1,0.09,0.0,0.09,0,0,0,1,0,0,12,1,11,0,t1212,2022-06-15
małopolskie,oświęcimski,0,0,0,0.0,0.0,0.0,0,0,0,0,0,0,5,0,5,0,t1213,2022-06-15
małopolskie,proszowicki,0,0,0,0.0,0.0,0.0,0,0,0,0,0,0,0,0,0,0,t1214,2022-06-15
małopolskie,suski,0,0,0,0.0,0.0,0.0,0,0,0,0,0,0,8,0,8,0,t1215,2022-06-15
małopolskie,tarnowski,0,0,0,0.0,0.0,0.0,0,0,0,6,0,0,21,0,21,0,t1216,2022-06-15
małopolskie,tatrzański,0,0,0,0.0,0.0,0.0,0,0,0,0,0,0,12,0,12,0,t1217,2022-06-15
małopolskie,wadowicki,0,0,0,0.0,0.0,0.0,0,0,0,2,0,0,7,0,7,0,t1218,2022-06-15
małopolskie,wielicki,0,0,0,0.0,0.0,0.0,0,0,0,0,0,0,14,0,14,0,t1219,2022-06-15
małopolskie,Kraków,4,2,6,0.05,0.03,0.08,0,0,0,19,1,0,138,6,132,0,t1261,2022-06-15
małopolskie,Nowy Sącz,1,0,1,0.12,0.0,0.12,0,0,0,0,0,0,8,1,7,0,t1262,2022-06-15
małopolskie,Tarnów,1,0,1,0.09,0.0,0.09,0,0,0,1,0,0,11,1,10,0,t1263,2022-06-15
mazowieckie,białobrzeski,0,0,0,0.0,0.0,0.0,0,0,0,0,0,0,0,0,0,0,t1401,2022-06-15
mazowieckie,ciechanowski,0,0,0,0.0,0.0,0.0,0,0,0,3,0,0,12,0,12,0,t1402,2022-06-15
mazowieckie,garwoliński,1,0,1,0.09,0.0,0.09,0,0,0,1,0,0,8,1,7,0,t1403,2022-06-15
mazowieckie,gostyniński,0,0,0,0.0,0.0,0.0,0,0,0,0,0,0,1,0,1,0,t1404,2022-06-15
mazowieckie,grodziski,6,1,7,0.62,0.1,0.72,0,0,0,4,0,0,19,7,12,0,t1405,2022-06-15
mazowieckie,grójecki,0,0,0,0.0,0.0,0.0,0,0,0,0,0,0,16,0,16,0,t1406,2022-06-15
mazowieckie,kozienicki,0,0,0,0.0,0.0,0.0,0,0,0,0,0,0,2,0,2,0,t1407,2022-06-15
mazowieckie,legionowski,2,0,2,0.17,0.0,0.17,1,1,0,2,0,0,13,2,11,0,t1408,2022-06-15
mazowieckie,lipski,0,0,0,0.0,0.0,0.0,0,0,0,0,0,0,0,0,0,0,t1409,2022-06-15
mazowieckie,łosicki,0,0,0,0.0,0.0,0.0,0,0,0,0,0,0,1,0,1,0,t1410,2022-06-15
mazowieckie,makowski,0,0,0,0.0,0.0,0.0,0,0,0,0,0,0,2,0,2,0,t1411,2022-06-15
mazowieckie,miński,0,0,0,0.0,0.0,0.0,0,0,0,3,0,0,16,0,16,0,t1412,2022-06-15
mazowieckie,mławski,0,0,0,0.0,0.0,0.0,0,0,0,0,0,0,2,0,2,0,t1413,2022-06-15
mazowieckie,nowodworski,2,0,2,0.25,0.0,0.25,0,0,0,2,0,0,10,2,8,0,t1414,2022-06-15
mazowieckie,ostrołęcki,0,0,0,0.0,0.0,0.0,0,0,0,1,0,0,6,0,6,0,t1415,2022-06-15
mazowieckie,ostrowski,0,0,0,0.0,0.0,0.0,0,0,0,0,0,0,8,0,8,0,t1416,2022-06-15
mazowieckie,otwocki,1,0,1,0.08,0.0,0.08,0,0,0,5,0,0,17,1,16,0,t1417,2022-06-15
mazowieckie,piaseczyński,5,1,6,0.26,0.05,0.32,1,0,1,3,0,0,40,6,34,0,t1418,2022-06-15
mazowieckie,płocki,0,0,0,0.0,0.0,0.0,0,0,0,0,0,0,6,0,6,0,t1419,2022-06-15
mazowieckie,płoński,0,0,0,0.0,0.0,0.0,1,0,1,2,0,0,42,0,42,0,t1420,2022-06-15
mazowieckie,pruszkowski,0,0,0,0.0,0.0,0.0,0,0,0,2,1,0,20,0,20,0,t1421,2022-06-15
mazowieckie,przasnyski,1,0,1,0.19,0.0,0.19,0,0,0,0,0,0,4,1,3,0,t1422,2022-06-15
mazowieckie,przysuski,0,0,0,0.0,0.0,0.0,0,0,0,0,0,0,0,0,0,0,t1423,2022-06-15
mazowieckie,pułtuski,0,0,0,0.0,0.0,0.0,0,0,0,0,0,0,1,0,1,0,t1424,2022-06-15
mazowieckie,radomski,0,0,0,0.0,0.0,0.0,0,0,0,1,0,0,14,0,14,0,t1425,2022-06-15
mazowieckie,siedlecki,0,0,0,0.0,0.0,0.0,0,0,0,0,0,0,4,0,4,0,t1426,2022-06-15
mazowieckie,sierpecki,0,0,0,0.0,0.0,0.0,0,0,0,1,1,0,2,0,2,0,t1427,2022-06-15
mazowieckie,sochaczewski,1,0,1,0.12,0.0,0.12,0,0,0,2,0,0,12,2,10,0,t1428,2022-06-15
mazowieckie,sokołowski,0,0,0,0.0,0.0,0.0,0,0,0,0,0,0,4,0,4,0,t1429,2022-06-15
mazowieckie,szydłowiecki,0,0,0,0.0,0.0,0.0,0,0,0,0,0,0,1,0,1,0,t1430,2022-06-15
mazowieckie,warszawski zachodni,6,0,6,0.5,0.0,0.5,0,0,0,7,0,0,19,6,13,0,t1432,2022-06-15
mazowieckie,węgrowski,0,0,0,0.0,0.0,0.0,0,0,0,0,0,0,2,0,2,0,t1433,2022-06-15
mazowieckie,wołomiński,1,0,1,0.04,0.0,0.04,0,0,0,2,0,0,23,1,22,0,t1434,2022-06-15
mazowieckie,wyszkowski,0,0,0,0.0,0.0,0.0,0,0,0,0,0,0,1,0,1,0,t1435,2022-06-15
mazowieckie,zwoleński,0,0,0,0.0,0.0,0.0,0,0,0,0,0,0,0,0,0,0,t1436,2022-06-15
mazowieckie,żuromiński,0,0,0,0.0,0.0,0.0,0,0,0,2,0,0,2,0,2,0,t1437,2022-06-15
mazowieckie,żyrardowski,0,0,0,0.0,0.0,0.0,0,0,0,0,0,0,9,0,9,0,t1438,2022-06-15
mazowieckie,Ostrołęka,0,0,0,0.0,0.0,0.0,0,0,0,0,0,0,2,0,2,0,t1461,2022-06-15
mazowieckie,Płock,0,0,0,0.0,0.0,0.0,0,0,0,1,0,0,3,0,3,0,t1462,2022-06-15
mazowieckie,Radom,2,0,2,0.09,0.0,0.09,0,0,0,3,0,0,21,2,19,0,t1463,2022-06-15
mazowieckie,Siedlce,1,0,1,0.13,0.0,0.13,0,0,0,1,0,0,6,1,5,0,t1464,2022-06-15
mazowieckie,Warszawa,34,5,39,0.19,0.03,0.22,0,0,0,30,1,0,628,42,585,1,t1465,2022-06-15
opolskie,brzeski,0,0,0,0.0,0.0,0.0,0,0,0,2,0,0,7,0,7,0,t1601,2022-06-15
opolskie,głubczycki,0,0,0,0.0,0.0,0.0,0,0,0,0,0,0,6,0,6,0,t1602,2022-06-15
opolskie,kędzierzyńsko-kozielski,0,0,0,0.0,0.0,0.0,0,0,0,2,0,0,27,0,27,0,t1603,2022-06-15
opolskie,kluczborski,0,0,0,0.0,0.0,0.0,0,0,0,0,0,0,4,0,4,0,t1604,2022-06-15
opolskie,krapkowicki,1,0,1,0.16,0.0,0.16,0,0,0,0,0,0,8,1,7,0,t1605,2022-06-15
opolskie,namysłowski,0,0,0,0.0,0.0,0.0,0,0,0,0,0,0,1,0,1,0,t1606,2022-06-15
opolskie,nyski,3,0,3,0.22,0.0,0.22,0,0,0,4,0,0,17,3,14,0,t1607,2022-06-15
opolskie,oleski,0,0,0,0.0,0.0,0.0,0,0,0,2,0,0,14,0,14,0,t1608,2022-06-15
opolskie,opolski,0,0,0,0.0,0.0,0.0,0,0,0,0,0,0,34,0,34,0,t1609,2022-06-15
opolskie,prudnicki,0,0,0,0.0,0.0,0.0,0,0,0,0,0,0,5,0,5,0,t1610,2022-06-15
opolskie,strzelecki,1,0,1,0.13,0.0,0.13,0,0,0,2,0,0,75,1,74,0,t1611,2022-06-15
opolskie,Opole,0,0,0,0.0,0.0,0.0,0,0,0,1,0,0,27,0,27,0,t1661,2022-06-15
podkarpackie,bieszczadzki,0,0,0,0.0,0.0,0.0,0,0,0,0,0,0,0,0,0,0,t1801,2022-06-15
podkarpackie,brzozowski,0,0,0,0.0,0.0,0.0,0,0,0,0,0,0,4,0,4,0,t1802,2022-06-15
podkarpackie,dębicki,0,0,0,0.0,0.0,0.0,0,0,0,0,0,0,4,0,4,0,t1803,2022-06-15
podkarpackie,jarosławski,0,0,0,0.0,0.0,0.0,0,0,0,1,0,0,60,0,60,0,t1804,2022-06-15
podkarpackie,jasielski,0,0,0,0.0,0.0,0.0,0,0,0,0,0,0,5,0,5,0,t1805,2022-06-15
podkarpackie,kolbuszowski,0,0,0,0.0,0.0,0.0,0,0,0,1,0,0,12,0,12,0,t1806,2022-06-15
podkarpackie,krośnieński,0,0,0,0.0,0.0,0.0,0,0,0,1,0,0,14,1,13,0,t1807,2022-06-15
podkarpackie,leżajski,2,0,2,0.29,0.0,0.29,0,0,0,0,0,0,4,2,2,0,t1808,2022-06-15
podkarpackie,lubaczowski,0,0,0,0.0,0.0,0.0,0,0,0,0,0,0,1,0,1,0,t1809,2022-06-15
podkarpackie,łańcucki,0,0,0,0.0,0.0,0.0,0,0,0,0,0,0,3,0,3,0,t1810,2022-06-15
podkarpackie,mielecki,0,0,0,0.0,0.0,0.0,0,0,0,3,0,0,12,0,12,0,t1811,2022-06-15
podkarpackie,niżański,0,0,0,0.0,0.0,0.0,0,0,0,0,0,0,1,0,1,0,t1812,2022-06-15
podkarpackie,przemyski,0,0,0,0.0,0.0,0.0,0,0,0,0,0,0,1,0,1,0,t1813,2022-06-15
podkarpackie,przeworski,0,0,0,0.0,0.0,0.0,0,0,0,0,0,0,7,0,7,0,t1814,2022-06-15
podkarpackie,ropczycko-sędziszowski,0,0,0,0.0,0.0,0.0,0,0,0,0,0,0,4,0,4,0,t1815,2022-06-15
podkarpackie,rzeszowski,0,0,0,0.0,0.0,0.0,0,0,0,2,0,0,11,0,11,0,t1816,2022-06-15
podkarpackie,sanocki,0,0,0,0.0,0.0,0.0,0,0,0,0,1,0,3,1,2,0,t1817,2022-06-15
podkarpackie,stalowowolski,0,0,0,0.0,0.0,0.0,0,0,0,0,0,0,11,0,11,0,t1818,2022-06-15
podkarpackie,strzyżowski,0,0,0,0.0,0.0,0.0,0,0,0,0,0,0,3,0,3,0,t1819,2022-06-15
podkarpackie,tarnobrzeski,0,0,0,0.0,0.0,0.0,0,0,0,0,0,0,3,0,3,0,t1820,2022-06-15
podkarpackie,leski,0,0,0,0.0,0.0,0.0,0,0,0,0,0,0,0,0,0,0,t1821,2022-06-15
podkarpackie,Krosno,0,0,0,0.0,0.0,0.0,0,0,0,0,0,0,5,0,5,0,t1861,2022-06-15
podkarpackie,Przemyśl,0,0,0,0.0,0.0,0.0,0,0,0,0,0,0,1,0,1,0,t1862,2022-06-15
podkarpackie,Rzeszów,1,0,1,0.05,0.0,0.05,0,0,0,1,0,0,31,1,30,0,t1863,2022-06-15
podkarpackie,Tarnobrzeg,0,0,0,0.0,0.0,0.0,0,0,0,1,0,0,5,0,5,0,t1864,2022-06-15
podlaskie,augustowski,1,0,1,0.17,0.0,0.17,0,0,0,0,1,0,11,1,10,0,t2001,2022-06-15
podlaskie,białostocki,2,0,2,0.13,0.0,0.13,0,0,0,4,0,0,11,2,9,0,t2002,2022-06-15
podlaskie,bielski,1,0,1,0.18,0.0,0.18,0,0,0,2,0,0,4,1,3,0,t2003,2022-06-15
podlaskie,grajewski,0,0,0,0.0,0.0,0.0,0,0,0,0,0,0,2,0,2,0,t2004,2022-06-15
podlaskie,hajnowski,0,0,0,0.0,0.0,0.0,0,0,0,3,0,0,5,0,5,0,t2005,2022-06-15
podlaskie,kolneński,0,0,0,0.0,0.0,0.0,0,0,0,0,0,0,2,0,2,0,t2006,2022-06-15
podlaskie,łomżyński,1,0,1,0.2,0.0,0.2,0,0,0,0,0,0,2,1,1,0,t2007,2022-06-15
podlaskie,moniecki,0,0,0,0.0,0.0,0.0,0,0,0,0,0,0,4,0,4,0,t2008,2022-06-15
podlaskie,sejneński,0,0,0,0.0,0.0,0.0,0,0,0,0,0,0,3,0,3,0,t2009,2022-06-15
podlaskie,siemiatycki,0,0,0,0.0,0.0,0.0,0,0,0,0,0,0,3,0,3,0,t2010,2022-06-15
podlaskie,sokólski,0,0,0,0.0,0.0,0.0,0,0,0,1,0,0,3,0,3,0,t2011,2022-06-15
podlaskie,suwalski,0,0,0,0.0,0.0,0.0,0,0,0,1,0,0,4,0,4,0,t2012,2022-06-15
podlaskie,wysokomazowiecki,0,0,0,0.0,0.0,0.0,0,0,0,1,0,0,2,0,2,0,t2013,2022-06-15
podlaskie,zambrowski,0,0,0,0.0,0.0,0.0,0,0,0,0,0,0,4,0,4,0,t2014,2022-06-15
podlaskie,Białystok,2,1,3,0.07,0.03,0.1,0,0,0,7,0,0,32,3,29,0,t2061,2022-06-15
podlaskie,Łomża,0,0,0,0.0,0.0,0.0,0,0,0,1,0,0,3,0,3,0,t2062,2022-06-15
podlaskie,Suwałki,0,0,0,0.0,0.0,0.0,0,0,0,0,0,0,15,0,14,1,t2063,2022-06-15
pomorskie,bytowski,1,0,1,0.13,0.0,0.13,0,0,0,1,0,0,4,1,3,0,t2201,2022-06-15
pomorskie,chojnicki,0,0,0,0.0,0.0,0.0,0,0,0,1,0,0,4,0,4,0,t2202,2022-06-15
pomorskie,człuchowski,0,0,0,0.0,0.0,0.0,0,0,0,0,0,0,1,0,1,0,t2203,2022-06-15
pomorskie,gdański,0,0,0,0.0,0.0,0.0,0,0,0,5,0,0,9,0,9,0,t2204,2022-06-15
pomorskie,kartuski,0,0,0,0.0,0.0,0.0,0,0,0,0,0,0,9,0,9,0,t2205,2022-06-15
pomorskie,kościerski,0,0,0,0.0,0.0,0.0,0,0,0,1,0,0,2,0,2,0,t2206,2022-06-15
pomorskie,kwidzyński,0,0,0,0.0,0.0,0.0,0,0,0,0,0,0,4,0,4,0,t2207,2022-06-15
pomorskie,lęborski,0,0,0,0.0,0.0,0.0,0,0,0,1,0,0,3,0,3,0,t2208,2022-06-15
pomorskie,malborski,0,0,0,0.0,0.0,0.0,0,0,0,1,0,0,2,0,2,0,t2209,2022-06-15
pomorskie,nowodworski,0,0,0,0.0,0.0,0.0,0,0,0,0,0,0,1,0,1,0,t2210,2022-06-15
pomorskie,pucki,0,0,0,0.0,0.0,0.0,0,0,0,1,0,0,2,0,2,0,t2211,2022-06-15
pomorskie,słupski,0,0,0,0.0,0.0,0.0,0,0,0,0,0,0,1,0,1,0,t2212,2022-06-15
pomorskie,starogardzki,1,0,1,0.08,0.0,0.08,0,0,0,6,0,0,6,1,5,0,t2213,2022-06-15
pomorskie,tczewski,0,0,0,0.0,0.0,0.0,0,0,0,0,0,0,1,0,1,0,t2214,2022-06-15
pomorskie,wejherowski,1,0,1,0.05,0.0,0.05,0,0,0,6,0,0,11,1,10,0,t2215,2022-06-15
pomorskie,sztumski,0,0,0,0.0,0.0,0.0,0,0,0,0,0,0,0,0,0,0,t2216,2022-06-15
pomorskie,Gdańsk,4,0,4,0.08,0.0,0.08,0,0,0,7,1,0,67,4,59,4,t2261,2022-06-15
pomorskie,Gdynia,1,0,1,0.04,0.0,0.04,0,0,0,5,0,0,21,1,20,0,t2262,2022-06-15
pomorskie,Słupsk,0,0,0,0.0,0.0,0.0,0,0,0,2,0,0,5,0,5,0,t2263,2022-06-15
pomorskie,Sopot,0,0,0,0.0,0.0,0.0,0,0,0,0,0,0,3,0,3,0,t2264,2022-06-15
śląskie,będziński,0,0,0,0.0,0.0,0.0,0,0,0,1,0,0,8,0,8,0,t2401,2022-06-15
śląskie,bielski,0,0,0,0.0,0.0,0.0,0,0,0,1,0,0,6,0,6,0,t2402,2022-06-15
śląskie,cieszyński,2,0,2,0.11,0.0,0.11,0,0,0,2,0,0,18,2,16,0,t2403,2022-06-15
śląskie,częstochowski,0,0,0,0.0,0.0,0.0,0,0,0,2,0,0,8,0,8,0,t2404,2022-06-15
śląskie,gliwicki,0,0,0,0.0,0.0,0.0,0,0,0,1,0,0,11,0,11,0,t2405,2022-06-15
śląskie,kłobucki,2,0,2,0.24,0.0,0.24,0,0,0,2,0,0,4,2,2,0,t2406,2022-06-15
śląskie,lubliniecki,0,0,0,0.0,0.0,0.0,0,0,0,0,0,0,4,0,4,0,t2407,2022-06-15
śląskie,mikołowski,0,0,0,0.0,0.0,0.0,0,0,0,0,0,0,2,0,2,0,t2408,2022-06-15
śląskie,myszkowski,0,0,0,0.0,0.0,0.0,0,0,0,1,0,0,6,0,6,0,t2409,2022-06-15
śląskie,pszczyński,1,0,1,0.09,0.0,0.09,0,0,0,2,0,0,4,1,3,0,t2410,2022-06-15
śląskie,raciborski,0,0,0,0.0,0.0,0.0,0,0,0,0,0,0,8,0,8,0,t2411,2022-06-15
śląskie,rybnicki,0,0,0,0.0,0.0,0.0,0,0,0,0,0,0,4,0,4,0,t2412,2022-06-15
śląskie,tarnogórski,0,0,0,0.0,0.0,0.0,0,0,0,1,0,0,8,0,8,0,t2413,2022-06-15
śląskie,bieruńsko-lędziński,0,0,0,0.0,0.0,0.0,0,0,0,0,0,0,2,0,2,0,t2414,2022-06-15
śląskie,wodzisławski,0,0,0,0.0,0.0,0.0,0,0,0,1,0,0,12,0,12,0,t2415,2022-06-15
śląskie,zawierciański,0,0,0,0.0,0.0,0.0,0,0,0,0,0,0,6,0,6,0,t2416,2022-06-15
śląskie,żywiecki,1,0,1,0.07,0.0,0.07,0,0,0,2,0,0,13,1,12,0,t2417,2022-06-15
śląskie,Bielsko-Biała,0,0,0,0.0,0.0,0.0,0,0,0,1,0,0,11,0,11,0,t2461,2022-06-15
śląskie,Bytom,1,0,1,0.06,0.0,0.06,0,0,0,1,1,0,7,1,6,0,t2462,2022-06-15
śląskie,Chorzów,1,0,1,0.09,0.0,0.09,0,0,0,0,0,0,7,1,6,0,t2463,2022-06-15
śląskie,Częstochowa,4,0,4,0.18,0.0,0.18,0,0,0,4,0,0,13,4,9,0,t2464,2022-06-15
śląskie,Dąbrowa Górnicza,1,1,2,0.08,0.08,0.17,0,0,0,2,0,0,13,2,11,0,t2465,2022-06-15
śląskie,Gliwice,1,0,1,0.06,0.0,0.06,0,0,0,2,0,0,14,1,13,0,t2466,2022-06-15
śląskie,Jastrzębie-Zdrój,0,0,0,0.0,0.0,0.0,0,0,0,0,0,0,9,0,9,0,t2467,2022-06-15
śląskie,Jaworzno,0,0,0,0.0,0.0,0.0,0,0,0,0,0,0,2,0,2,0,t2468,2022-06-15
śląskie,Katowice,5,0,5,0.17,0.0,0.17,0,0,0,7,0,0,62,5,57,0,t2469,2022-06-15
śląskie,Mysłowice,0,0,0,0.0,0.0,0.0,0,0,0,0,0,0,5,0,5,0,t2470,2022-06-15
śląskie,Piekary Śląskie,0,0,0,0.0,0.0,0.0,0,0,0,1,0,0,7,0,7,0,t2471,2022-06-15
śląskie,Ruda Śląska,1,0,1,0.07,0.0,0.07,0,0,0,1,0,0,7,1,6,0,t2472,2022-06-15
śląskie,Rybnik,0,0,0,0.0,0.0,0.0,0,0,0,2,0,0,9,0,8,1,t2473,2022-06-15
śląskie,Siemianowice Śląskie,1,0,1,0.15,0.0,0.15,0,0,0,5,0,0,9,1,8,0,t2474,2022-06-15
śląskie,Sosnowiec,1,0,1,0.05,0.0,0.05,0,0,0,0,1,0,7,1,6,0,t2475,2022-06-15
śląskie,Świętochłowice,0,0,0,0.0,0.0,0.0,0,0,0,0,0,0,1,0,1,0,t2476,2022-06-15
śląskie,Tychy,0,0,0,0.0,0.0,0.0,0,0,0,0,0,0,9,0,9,0,t2477,2022-06-15
śląskie,Zabrze,2,0,2,0.12,0.0,0.12,0,0,0,5,0,0,21,2,19,0,t2478,2022-06-15
śląskie,Żory,0,0,0,0.0,0.0,0.0,0,0,0,0,0,0,1,0,1,0,t2479,2022-06-15
świętokrzyskie,buski,0,0,0,0.0,0.0,0.0,0,0,0,1,0,0,12,0,12,0,t2601,2022-06-15
świętokrzyskie,jędrzejowski,0,0,0,0.0,0.0,0.0,0,0,0,0,0,0,3,0,3,0,t2602,2022-06-15
świętokrzyskie,kazimierski,0,0,0,0.0,0.0,0.0,0,0,0,0,0,0,1,0,1,0,t2603,2022-06-15
świętokrzyskie,kielecki,1,0,1,0.05,0.0,0.05,0,0,0,1,0,0,22,1,21,0,t2604,2022-06-15
świętokrzyskie,konecki,0,0,0,0.0,0.0,0.0,0,0,0,0,0,0,7,0,7,0,t2605,2022-06-15
świętokrzyskie,opatowski,0,0,0,0.0,0.0,0.0,0,0,0,0,0,0,12,0,12,0,t2606,2022-06-15
świętokrzyskie,ostrowiecki,1,0,1,0.09,0.0,0.09,0,0,0,1,0,0,19,2,17,0,t2607,2022-06-15
świętokrzyskie,pińczowski,0,0,0,0.0,0.0,0.0,0,0,0,0,0,0,6,0,6,0,t2608,2022-06-15
świętokrzyskie,sandomierski,1,0,1,0.13,0.0,0.13,0,0,0,0,1,0,24,1,22,1,t2609,2022-06-15
świętokrzyskie,skarżyski,0,0,0,0.0,0.0,0.0,0,0,0,0,0,0,14,0,14,0,t2610,2022-06-15
świętokrzyskie,starachowicki,0,0,0,0.0,0.0,0.0,0,0,0,0,0,0,22,0,22,0,t2611,2022-06-15
świętokrzyskie,staszowski,1,0,1,0.14,0.0,0.14,0,0,0,0,0,0,4,1,3,0,t2612,2022-06-15
świętokrzyskie,włoszczowski,0,0,0,0.0,0.0,0.0,0,0,0,0,0,0,3,0,3,0,t2613,2022-06-15
świętokrzyskie,Kielce,1,0,1,0.05,0.0,0.05,0,0,0,2,0,0,27,1,26,0,t2661,2022-06-15
warmińsko-mazurskie,bartoszycki,0,0,0,0.0,0.0,0.0,0,0,0,1,0,0,5,0,5,0,t2801,2022-06-15
warmińsko-mazurskie,braniewski,0,0,0,0.0,0.0,0.0,0,0,0,0,0,0,1,0,1,0,t2802,2022-06-15
warmińsko-mazurskie,działdowski,0,0,0,0.0,0.0,0.0,0,0,0,0,0,0,6,0,6,0,t2803,2022-06-15
warmińsko-mazurskie,elbląski,0,0,0,0.0,0.0,0.0,0,0,0,0,0,0,2,0,2,0,t2804,2022-06-15
warmińsko-mazurskie,ełcki,0,0,0,0.0,0.0,0.0,0,0,0,0,0,0,6,0,6,0,t2805,2022-06-15
warmińsko-mazurskie,giżycki,0,0,0,0.0,0.0,0.0,0,0,0,0,0,0,2,0,2,0,t2806,2022-06-15
warmińsko-mazurskie,iławski,0,0,0,0.0,0.0,0.0,0,0,0,0,0,0,10,0,10,0,t2807,2022-06-15
warmińsko-mazurskie,kętrzyński,0,0,0,0.0,0.0,0.0,0,0,0,0,0,0,22,0,22,0,t2808,2022-06-15
warmińsko-mazurskie,lidzbarski,0,0,0,0.0,0.0,0.0,0,0,0,0,0,0,6,0,6,0,t2809,2022-06-15
warmińsko-mazurskie,mrągowski,0,0,0,0.0,0.0,0.0,0,0,0,0,0,0,0,0,0,0,t2810,2022-06-15
warmińsko-mazurskie,nidzicki,0,0,0,0.0,0.0,0.0,0,0,0,0,0,0,1,0,1,0,t2811,2022-06-15
warmińsko-mazurskie,nowomiejski,0,0,0,0.0,0.0,0.0,0,0,0,1,0,0,11,0,11,0,t2812,2022-06-15
warmińsko-mazurskie,olecki,0,0,0,0.0,0.0,0.0,0,0,0,0,0,0,9,0,9,0,t2813,2022-06-15
warmińsko-mazurskie,olsztyński,1,0,1,0.08,0.0,0.08,0,0,0,1,0,0,15,1,14,0,t2814,2022-06-15
warmińsko-mazurskie,ostródzki,0,0,0,0.0,0.0,0.0,0,0,0,0,0,0,15,0,15,0,t2815,2022-06-15
warmińsko-mazurskie,piski,0,0,0,0.0,0.0,0.0,0,0,0,0,0,0,3,0,3,0,t2816,2022-06-15
warmińsko-mazurskie,szczycieński,0,0,0,0.0,0.0,0.0,0,0,0,1,0,0,5,0,5,0,t2817,2022-06-15
warmińsko-mazurskie,gołdapski,0,0,0,0.0,0.0,0.0,0,0,0,0,0,0,9,0,9,0,t2818,2022-06-15
warmińsko-mazurskie,węgorzewski,0,0,0,0.0,0.0,0.0,0,0,0,0,0,0,4,0,4,0,t2819,2022-06-15
warmińsko-mazurskie,Elbląg,0,0,0,0.0,0.0,0.0,0,0,0,0,0,0,2,0,2,0,t2861,2022-06-15
warmińsko-mazurskie,Olsztyn,1,0,1,0.06,0.0,0.06,0,0,0,1,0,0,20,1,19,0,t2862,2022-06-15
wielkopolskie,chodzieski,0,0,0,0.0,0.0,0.0,0,0,0,0,0,0,1,0,1,0,t3001,2022-06-15
wielkopolskie,czarnkowsko-trzcianecki,0,0,0,0.0,0.0,0.0,0,0,0,0,0,0,5,0,5,0,t3002,2022-06-15
wielkopolskie,gnieźnieński,0,0,0,0.0,0.0,0.0,0,0,0,0,0,0,1,0,1,0,t3003,2022-06-15
wielkopolskie,gostyński,0,0,0,0.0,0.0,0.0,0,0,0,2,0,0,4,0,4,0,t3004,2022-06-15
wielkopolskie,grodziski,0,0,0,0.0,0.0,0.0,0,0,0,0,0,0,3,1,2,0,t3005,2022-06-15
wielkopolskie,jarociński,0,0,0,0.0,0.0,0.0,0,0,0,0,0,0,3,0,3,0,t3006,2022-06-15
wielkopolskie,kaliski,0,0,0,0.0,0.0,0.0,0,0,0,0,0,0,5,0,5,0,t3007,2022-06-15
wielkopolskie,kępiński,0,0,0,0.0,0.0,0.0,0,0,0,0,0,0,1,0,1,0,t3008,2022-06-15
wielkopolskie,kolski,0,0,0,0.0,0.0,0.0,0,0,0,0,0,0,3,0,3,0,t3009,2022-06-15
wielkopolskie,koniński,0,0,0,0.0,0.0,0.0,0,0,0,0,0,0,5,0,5,0,t3010,2022-06-15
wielkopolskie,kościański,0,0,0,0.0,0.0,0.0,0,0,0,0,0,0,4,0,4,0,t3011,2022-06-15
wielkopolskie,krotoszyński,0,0,0,0.0,0.0,0.0,0,0,0,0,0,0,1,0,1,0,t3012,2022-06-15
wielkopolskie,leszczyński,0,0,0,0.0,0.0,0.0,0,0,0,0,0,0,1,0,1,0,t3013,2022-06-15
wielkopolskie,międzychodzki,0,0,0,0.0,0.0,0.0,0,0,0,0,0,0,0,0,0,0,t3014,2022-06-15
wielkopolskie,nowotomyski,0,0,0,0.0,0.0,0.0,0,0,0,0,0,0,7,0,7,0,t3015,2022-06-15
wielkopolskie,obornicki,0,0,0,0.0,0.0,0.0,0,0,0,0,0,0,0,0,0,0,t3016,2022-06-15
wielkopolskie,ostrowski,0,0,0,0.0,0.0,0.0,0,0,0,0,0,0,16,0,16,0,t3017,2022-06-15
wielkopolskie,ostrzeszowski,0,0,0,0.0,0.0,0.0,0,0,0,0,0,0,2,0,2,0,t3018,2022-06-15
wielkopolskie,pilski,0,0,0,0.0,0.0,0.0,0,0,0,0,0,0,7,0,7,0,t3019,2022-06-15
wielkopolskie,pleszewski,0,0,0,0.0,0.0,0.0,0,0,0,0,0,0,3,0,3,0,t3020,2022-06-15
wielkopolskie,poznański,3,0,3,0.07,0.0,0.07,0,0,0,5,0,0,35,3,32,0,t3021,2022-06-15
wielkopolskie,rawicki,1,0,1,0.17,0.0,0.17,0,0,0,2,0,0,4,1,3,0,t3022,2022-06-15
wielkopolskie,słupecki,0,0,0,0.0,0.0,0.0,0,0,0,0,0,0,2,0,2,0,t3023,2022-06-15
wielkopolskie,szamotulski,0,0,0,0.0,0.0,0.0,0,0,0,1,0,0,6,0,6,0,t3024,2022-06-15
wielkopolskie,średzki,0,0,0,0.0,0.0,0.0,0,0,0,0,0,0,1,0,1,0,t3025,2022-06-15
wielkopolskie,śremski,0,0,0,0.0,0.0,0.0,0,0,0,0,0,0,4,0,4,0,t3026,2022-06-15
wielkopolskie,turecki,0,0,0,0.0,0.0,0.0,0,0,0,0,0,0,6,0,6,0,t3027,2022-06-15
wielkopolskie,wągrowiecki,0,0,0,0.0,0.0,0.0,0,0,0,0,0,0,1,0,1,0,t3028,2022-06-15
wielkopolskie,wolsztyński,0,0,0,0.0,0.0,0.0,0,0,0,0,0,0,1,0,1,0,t3029,2022-06-15
wielkopolskie,wrzesiński,0,0,0,0.0,0.0,0.0,0,0,0,0,0,0,1,0,1,0,t3030,2022-06-15
wielkopolskie,złotowski,0,0,0,0.0,0.0,0.0,0,0,0,2,0,0,5,0,5,0,t3031,2022-06-15
wielkopolskie,Kalisz,0,0,0,0.0,0.0,0.0,0,0,0,0,0,0,7,0,7,0,t3061,2022-06-15
wielkopolskie,Konin,0,0,0,0.0,0.0,0.0,0,0,0,1,0,0,5,0,5,0,t3062,2022-06-15
wielkopolskie,Leszno,0,0,0,0.0,0.0,0.0,0,0,0,0,0,0,4,0,4,0,t3063,2022-06-15
wielkopolskie,Poznań,9,0,9,0.17,0.0,0.17,0,0,0,6,2,0,80,9,71,0,t3064,2022-06-15
zachodniopomorskie,białogardzki,0,0,0,0.0,0.0,0.0,0,0,0,0,0,0,9,0,9,0,t3201,2022-06-15
zachodniopomorskie,choszczeński,0,0,0,0.0,0.0,0.0,0,0,0,0,0,0,0,0,0,0,t3202,2022-06-15
zachodniopomorskie,drawski,0,0,0,0.0,0.0,0.0,0,0,0,1,0,0,2,1,1,0,t3203,2022-06-15
zachodniopomorskie,goleniowski,0,0,0,0.0,0.0,0.0,0,0,0,0,0,0,2,0,2,0,t3204,2022-06-15
zachodniopomorskie,gryficki,0,0,0,0.0,0.0,0.0,0,0,0,0,0,0,1,0,1,0,t3205,2022-06-15
zachodniopomorskie,gryfiński,0,0,0,0.0,0.0,0.0,0,0,0,1,0,0,2,0,2,0,t3206,2022-06-15
zachodniopomorskie,kamieński,0,0,0,0.0,0.0,0.0,0,0,0,0,0,0,5,0,5,0,t3207,2022-06-15
zachodniopomorskie,kołobrzeski,1,0,1,0.13,0.0,0.13,0,0,0,3,0,0,9,2,7,0,t3208,2022-06-15
zachodniopomorskie,koszaliński,1,0,1,0.15,0.0,0.15,0,0,0,1,0,0,36,4,30,2,t3209,2022-06-15
zachodniopomorskie,myśliborski,0,0,0,0.0,0.0,0.0,0,0,0,0,0,0,7,0,7,0,t3210,2022-06-15
zachodniopomorskie,policki,0,0,0,0.0,0.0,0.0,0,0,0,3,0,0,7,0,7,0,t3211,2022-06-15
zachodniopomorskie,pyrzycki,0,0,0,0.0,0.0,0.0,0,0,0,0,0,0,2,0,2,0,t3212,2022-06-15
zachodniopomorskie,sławieński,0,0,0,0.0,0.0,0.0,0,0,0,0,0,0,27,2,25,0,t3213,2022-06-15
zachodniopomorskie,stargardzki,0,0,0,0.0,0.0,0.0,0,0,0,1,0,0,10,0,9,1,t3214,2022-06-15
zachodniopomorskie,szczecinecki,3,0,3,0.39,0.0,0.39,0,0,0,1,0,0,11,3,8,0,t3215,2022-06-15
zachodniopomorskie,świdwiński,0,0,0,0.0,0.0,0.0,0,0,0,0,0,0,7,1,6,0,t3216,2022-06-15
zachodniopomorskie,wałecki,0,0,0,0.0,0.0,0.0,0,0,0,0,0,0,4,0,4,0,t3217,2022-06-15
zachodniopomorskie,łobeski,0,0,0,0.0,0.0,0.0,0,0,0,0,0,0,0,0,0,0,t3218,2022-06-15
zachodniopomorskie,Koszalin,0,1,1,0.0,0.09,0.09,0,0,0,0,0,0,107,11,94,2,t3261,2022-06-15
zachodniopomorskie,Szczecin,1,1,2,0.02,0.02,0.05,0,0,0,3,0,0,48,3,45,0,t3262,2022-06-15
zachodniopomorskie,Świnoujście,0,0,0,0.0,0.0,0.0,0,0,0,0,0,0,5,0,5,0,t3263,2022-06-15
